hour,no2_ug_m3,hrl,hrr,vwa,vwd,total_intensity_veh_per_hr,hour_of_day
2026-10-01 12:00:00+00:00,21.92,2040.0,1900.0,410.0,380.0,4730.0,12
2026-10-01 13:00:00+00:00,16.21,1860.0,2066.6666666666665,280.0,453.3333333333333,4660.0,13
2026-10-01 14:00:00+00:00,18.2,1660.0,2060.0,440.0,600.0,4760.0,14
2026-10-01 15:00:00+00:00,18.41,2230.0,1920.0,390.0,540.0,5080.0,15
2026-10-01 16:00:00+00:00,15.45,2130.0,1250.0,440.0,260.0,4080.0,16
2026-10-01 17:00:00+00:00,17.07,1730.0,1260.0,200.0,260.0,3450.0,17
2026-10-01 18:00:00+00:00,12.25,1240.0,1110.0,120.0,160.0,2630.0,18
2026-10-01 19:00:00+00:00,40.17,640.0,780.0,170.0,240.0,1830.0,19
2026-10-01 20:00:00+00:00,36.78,680.0,570.0,200.0,60.0,1510.0,20
2026-10-01 21:00:00+00:00,27.75,390.0,320.0,90.0,50.0,850.0,21
2026-10-01 22:00:00+00:00,34.28,270.0,130.0,80.0,60.0,540.0,22
2026-10-01 23:00:00+00:00,37.01,210.0,110.0,40.0,10.0,370.0,23
2026-10-02 00:00:00+00:00,27.37,90.0,40.0,20.0,40.0,190.0,0
2026-10-02 01:00:00+00:00,20.77,100.0,30.0,30.0,40.0,200.0,1
2026-10-02 02:00:00+00:00,26.93,130.0,60.0,0.0,40.0,230.0,2
2026-10-02 03:00:00+00:00,27.29,500.0,500.0,20.0,90.0,1110.0,3
2026-10-02 04:00:00+00:00,30.2,930.0,830.0,210.0,410.0,2380.0,4
2026-10-02 05:00:00+00:00,35.33,1980.0,1540.0,450.0,500.0,4470.0,5
2026-10-02 06:00:00+00:00,36.96,1850.0,1690.0,360.0,500.0,4400.0,6
2026-10-02 07:00:00+00:00,33.78,1810.0,1530.0,340.0,350.0,4030.0,7
2026-10-02 08:00:00+00:00,36.25,2010.0,1370.0,290.0,450.0,4120.0,8
2026-10-02 09:00:00+00:00,36.15,2010.0,1330.0,230.0,400.0,3970.0,9
2026-10-02 10:00:00+00:00,32.72,1990.0,1520.0,270.0,440.0,4220.0,10
2026-10-02 11:00:00+00:00,25.53,1830.0,1680.0,170.0,620.0,4300.0,11
